Name,Total,HP,Attack,Defense,Sp_Atk,Sp_Def,Speed,Catch_Rate,Generation,isLegendary
Bulbasaur,318,45,49,49,65,65,45,45,1,0
Ivysaur,405,60,62,63,80,80,60,45,1,0
Venusaur,525,80,82,83,100,100,80,45,1,0
Charmander,309,39,52,43,60,50,65,45,1,0
Charmeleon,405,58,64,58,80,65,80,45,1,0
Charizard,534,78,84,78,109,85,100,45,1,0
Squirtle,314,44,48,65,50,64,43,45,1,0
Wartortle,405,59,63,80,65,80,58,45,1,0
Blastoise,530,79,83,100,85,105,78,45,1,0
Caterpie,195,45,30,35,20,20,45,255,1,0
Metapod,205,50,20,55,25,25,30,120,1,0
Butterfree,395,60,45,50,90,80,70,45,1,0
Weedle,195,40,35,30,20,20,50,255,1,0
Kakuna,205,45,25,50,25,25,35,120,1,0
Beedrill,395,65,90,40,45,80,75,45,1,0
Pidgey,251,40,45,40,35,35,56,255,1,0
Pidgeotto,349,63,60,55,50,50,71,120,1,0
Pidgeot,479,83,80,75,70,70,101,45,1,0
Rattata,253,30,56,35,25,35,72,255,1,0
Raticate,413,55,81,60,50,70,97,127,1,0
Spearow,262,40,60,30,31,31,70,255,1,0
Fearow,442,65,90,65,61,61,100,90,1,0
Ekans,288,35,60,44,40,54,55,255,1,0
Arbok,438,60,85,69,65,79,80,90,1,0
Pikachu,320,35,55,40,50,50,90,190,1,0
Raichu,485,60,90,55,90,80,110,75,1,0
Sandshrew,300,50,75,85,20,30,40,255,1,0
Sandslash,450,75,100,110,45,55,65,90,1,0
Nidoran♀,275,55,47,52,40,40,41,235,1,0
Nidorina,365,70,62,67,55,55,56,120,1,0
Nidoqueen,505,90,92,87,75,85,76,45,1,0
Nidoran♂,273,46,57,40,40,40,50,235,1,0
Nidorino,365,61,72,57,55,55,65,120,1,0
Nidoking,505,81,102,77,85,75,85,45,1,0
Clefairy,323,70,45,48,60,65,35,150,1,0
Clefable,483,95,70,73,95,90,60,25,1,0
Vulpix,299,38,41,40,50,65,65,190,1,0
Ninetales,505,73,76,75,81,100,100,75,1,0
Jigglypuff,270,115,45,20,45,25,20,170,1,0
Wigglytuff,435,140,70,45,85,50,45,50,1,0
Zubat,245,40,45,35,30,40,55,255,1,0
Golbat,455,75,80,70,65,75,90,90,1,0
Oddish,320,45,50,55,75,65,30,255,1,0
Gloom,395,60,65,70,85,75,40,120,1,0
Vileplume,490,75,80,85,110,90,50,45,1,0
Paras,285,35,70,55,45,55,25,190,1,0
Parasect,405,60,95,80,60,80,30,75,1,0
Venonat,305,60,55,50,40,55,45,190,1,0
Venomoth,450,70,65,60,90,75,90,75,1,0
Diglett,265,10,55,25,35,45,95,255,1,0
Dugtrio,405,35,80,50,50,70,120,50,1,0
Meowth,290,40,45,35,40,40,90,255,1,0
Persian,440,65,70,60,65,65,115,90,1,0
Psyduck,320,50,52,48,65,50,55,190,1,0
Golduck,500,80,82,78,95,80,85,75,1,0
Mankey,305,40,80,35,35,45,70,190,1,0
Primeape,455,65,105,60,60,70,95,75,1,0
Growlithe,350,55,70,45,70,50,60,190,1,0
Arcanine,555,90,110,80,100,80,95,75,1,0
Poliwag,300,40,50,40,40,40,90,255,1,0
Poliwhirl,385,65,65,65,50,50,90,120,1,0
Poliwrath,510,90,95,95,70,90,70,45,1,0
Abra,310,25,20,15,105,55,90,200,1,0
Kadabra,400,40,35,30,120,70,105,100,1,0
Alakazam,500,55,50,45,135,95,120,50,1,0
Machop,305,70,80,50,35,35,35,180,1,0
Machoke,405,80,100,70,50,60,45,90,1,0
Machamp,505,90,130,80,65,85,55,45,1,0
Bellsprout,300,50,75,35,70,30,40,255,1,0
Weepinbell,390,65,90,50,85,45,55,120,1,0
Victreebel,490,80,105,65,100,70,70,45,1,0
Tentacool,335,40,40,35,50,100,70,190,1,0
Tentacruel,515,80,70,65,80,120,100,60,1,0
Geodude,300,40,80,100,30,30,20,255,1,0
Graveler,390,55,95,115,45,45,35,120,1,0
Golem,495,80,120,130,55,65,45,45,1,0
Ponyta,410,50,85,55,65,65,90,190,1,0
Rapidash,500,65,100,70,80,80,105,60,1,0
Slowpoke,315,90,65,65,40,40,15,190,1,0
Slowbro,490,95,75,110,100,80,30,75,1,0
Magnemite,325,25,35,70,95,55,45,190,1,0
Magneton,465,50,60,95,120,70,70,60,1,0
Farfetch'd,352,52,65,55,58,62,60,45,1,0
Doduo,310,35,85,45,35,35,75,190,1,0
Dodrio,460,60,110,70,60,60,100,45,1,0
Seel,325,65,45,55,45,70,45,190,1,0
Dewgong,475,90,70,80,70,95,70,75,1,0
Grimer,325,80,80,50,40,50,25,190,1,0
Muk,500,105,105,75,65,100,50,75,1,0
Shellder,305,30,65,100,45,25,40,190,1,0
Cloyster,525,50,95,180,85,45,70,60,1,0
Gastly,310,30,35,30,100,35,80,190,1,0
Haunter,405,45,50,45,115,55,95,90,1,0
Gengar,500,60,65,60,130,75,110,45,1,0
Onix,385,35,45,160,30,45,70,45,1,0
Drowzee,328,60,48,45,43,90,42,190,1,0
Hypno,483,85,73,70,73,115,67,75,1,0
Krabby,325,30,105,90,25,25,50,225,1,0
Kingler,475,55,130,115,50,50,75,60,1,0
Voltorb,330,40,30,50,55,55,100,190,1,0
Electrode,480,60,50,70,80,80,140,60,1,0
Exeggcute,325,60,40,80,60,45,40,90,1,0
Exeggutor,520,95,95,85,125,65,55,45,1,0
Cubone,320,50,50,95,40,50,35,190,1,0
Marowak,425,60,80,110,50,80,45,75,1,0
Hitmonlee,455,50,120,53,35,110,87,45,1,0
Hitmonchan,455,50,105,79,35,110,76,45,1,0
Lickitung,385,90,55,75,60,75,30,45,1,0
Koffing,340,40,65,95,60,45,35,190,1,0
Weezing,490,65,90,120,85,70,60,60,1,0
Rhyhorn,345,80,85,95,30,30,25,120,1,0
Rhydon,485,105,130,120,45,45,40,60,1,0
Chansey,450,250,5,5,35,105,50,30,1,0
Tangela,435,65,55,115,100,40,60,45,1,0
Kangaskhan,490,105,95,80,40,80,90,45,1,0
Horsea,295,30,40,70,70,25,60,225,1,0
Seadra,440,55,65,95,95,45,85,75,1,0
Goldeen,320,45,67,60,35,50,63,225,1,0
Seaking,450,80,92,65,65,80,68,60,1,0
Staryu,340,30,45,55,70,55,85,225,1,0
Starmie,520,60,75,85,100,85,115,60,1,0
Mr._Mime,460,40,45,65,100,120,90,45,1,0
Scyther,500,70,110,80,55,80,105,45,1,0
Jynx,455,65,50,35,115,95,95,45,1,0
Electabuzz,490,65,83,57,95,85,105,45,1,0
Magmar,495,65,95,57,100,85,93,45,1,0
Pinsir,500,65,125,100,55,70,85,45,1,0
Tauros,490,75,100,95,40,70,110,45,1,0
Magikarp,200,20,10,55,15,20,80,255,1,0
Gyarados,540,95,125,79,60,100,81,45,1,0
Lapras,535,130,85,80,85,95,60,45,1,0
Ditto,288,48,48,48,48,48,48,35,1,0
Eevee,325,55,55,50,45,65,55,45,1,0
Vaporeon,525,130,65,60,110,95,65,45,1,0
Jolteon,525,65,65,60,110,95,130,45,1,0
Flareon,525,65,130,60,95,110,65,45,1,0
Porygon,395,65,60,70,85,75,40,45,1,0
Omanyte,355,35,40,100,90,55,35,45,1,0
Omastar,495,70,60,125,115,70,55,45,1,0
Kabuto,355,30,80,90,55,45,55,45,1,0
Kabutops,495,60,115,105,65,70,80,45,1,0
Aerodactyl,515,80,105,65,60,75,130,45,1,0
Snorlax,540,160,110,65,65,110,30,25,1,0
Articuno,580,90,85,100,95,125,85,3,1,1
Zapdos,580,90,90,85,125,90,100,3,1,1
Moltres,580,90,100,90,125,85,90,3,1,1
Dratini,300,41,64,45,50,50,50,45,1,0
Dragonair,420,61,84,65,70,70,70,45,1,0
Dragonite,600,91,134,95,100,100,80,45,1,0
Mewtwo,680,106,110,90,154,90,130,3,1,1
Mew,600,100,100,100,100,100,100,45,1,0
Chikorita,318,45,49,65,49,65,45,45,2,0
Bayleef,405,60,62,80,63,80,60,45,2,0
Meganium,525,80,82,100,83,100,80,45,2,0
Cyndaquil,309,39,52,43,60,50,65,45,2,0
Quilava,405,58,64,58,80,65,80,45,2,0
Typhlosion,534,78,84,78,109,85,100,45,2,0
Totodile,314,50,65,64,44,48,43,45,2,0
Croconaw,405,65,80,80,59,63,58,45,2,0
Feraligatr,530,85,105,100,79,83,78,45,2,0
Sentret,215,35,46,34,35,45,20,255,2,0
Furret,415,85,76,64,45,55,90,90,2,0
Hoothoot,262,60,30,30,36,56,50,255,2,0
Noctowl,442,100,50,50,76,96,70,90,2,0
Ledyba,265,40,20,30,40,80,55,255,2,0
Ledian,390,55,35,50,55,110,85,90,2,0
Spinarak,250,40,60,40,40,40,30,255,2,0
Ariados,390,70,90,70,60,60,40,90,2,0
Crobat,535,85,90,80,70,80,130,90,2,0
Chinchou,330,75,38,38,56,56,67,190,2,0
Lanturn,460,125,58,58,76,76,67,75,2,0
Pichu,205,20,40,15,35,35,60,190,2,0
Cleffa,218,50,25,28,45,55,15,150,2,0
Igglybuff,210,90,30,15,40,20,15,170,2,0
Togepi,245,35,20,65,40,65,20,190,2,0
Togetic,405,55,40,85,80,105,40,75,2,0
Natu,320,40,50,45,70,45,70,190,2,0
Xatu,470,65,75,70,95,70,95,75,2,0
Mareep,280,55,40,40,65,45,35,235,2,0
Flaaffy,365,70,55,55,80,60,45,120,2,0
Ampharos,510,90,75,85,115,90,55,45,2,0
Bellossom,490,75,80,95,90,100,50,45,2,0
Marill,250,70,20,50,20,50,40,190,2,0
Azumarill,420,100,50,80,60,80,50,75,2,0
Sudowoodo,410,70,100,115,30,65,30,65,2,0
Politoed,500,90,75,75,90,100,70,45,2,0
Hoppip,250,35,35,40,35,55,50,255,2,0
Skiploom,340,55,45,50,45,65,80,120,2,0
Jumpluff,460,75,55,70,55,95,110,45,2,0
Aipom,360,55,70,55,40,55,85,45,2,0
Sunkern,180,30,30,30,30,30,30,235,2,0
Sunflora,425,75,75,55,105,85,30,120,2,0
Yanma,390,65,65,45,75,45,95,75,2,0
Wooper,210,55,45,45,25,25,15,255,2,0
Quagsire,430,95,85,85,65,65,35,90,2,0
Espeon,525,65,65,60,130,95,110,45,2,0
Umbreon,525,95,65,110,60,130,65,45,2,0
Murkrow,405,60,85,42,85,42,91,30,2,0
Slowking,490,95,75,80,100,110,30,70,2,0
Misdreavus,435,60,60,60,85,85,85,45,2,0
Unown,336,48,72,48,72,48,48,225,2,0
Wobbuffet,405,190,33,58,33,58,33,45,2,0
Girafarig,455,70,80,65,90,65,85,60,2,0
Pineco,290,50,65,90,35,35,15,190,2,0
Forretress,465,75,90,140,60,60,40,75,2,0
Dunsparce,415,100,70,70,65,65,45,190,2,0
Gligar,430,65,75,105,35,65,85,60,2,0
Steelix,510,75,85,200,55,65,30,25,2,0
Snubbull,300,60,80,50,40,40,30,190,2,0
Granbull,450,90,120,75,60,60,45,75,2,0
Qwilfish,430,65,95,75,55,55,85,45,2,0
Scizor,500,70,130,100,55,80,65,25,2,0
Shuckle,505,20,10,230,10,230,5,190,2,0
Heracross,500,80,125,75,40,95,85,45,2,0
Sneasel,430,55,95,55,35,75,115,60,2,0
Teddiursa,330,60,80,50,50,50,40,120,2,0
Ursaring,500,90,130,75,75,75,55,60,2,0
Slugma,250,40,40,40,70,40,20,190,2,0
Magcargo,410,50,50,120,80,80,30,75,2,0
Swinub,250,50,50,40,30,30,50,225,2,0
Piloswine,450,100,100,80,60,60,50,75,2,0
Corsola,380,55,55,85,65,85,35,60,2,0
Remoraid,300,35,65,35,65,35,65,190,2,0
Octillery,480,75,105,75,105,75,45,75,2,0
Delibird,330,45,55,45,65,45,75,45,2,0
Mantine,465,65,40,70,80,140,70,25,2,0
Skarmory,465,65,80,140,40,70,70,25,2,0
Houndour,330,45,60,30,80,50,65,120,2,0
Houndoom,500,75,90,50,110,80,95,45,2,0
Kingdra,540,75,95,95,95,95,85,45,2,0
Phanpy,330,90,60,60,40,40,40,120,2,0
Donphan,500,90,120,120,60,60,50,60,2,0
Porygon2,515,85,80,90,105,95,60,45,2,0
Stantler,465,73,95,62,85,65,85,45,2,0
Smeargle,250,55,20,35,20,45,75,45,2,0
Tyrogue,210,35,35,35,35,35,35,75,2,0
Hitmontop,455,50,95,95,35,110,70,45,2,0
Smoochum,305,45,30,15,85,65,65,45,2,0
Elekid,360,45,63,37,65,55,95,45,2,0
Magby,365,45,75,37,70,55,83,45,2,0
Miltank,490,95,80,105,40,70,100,45,2,0
Blissey,540,255,10,10,75,135,55,30,2,0
Raikou,580,90,85,75,115,100,115,3,2,1
Entei,580,115,115,85,90,75,100,3,2,1
Suicune,580,100,75,115,90,115,85,3,2,1
Larvitar,300,50,64,50,45,50,41,45,2,0
Pupitar,410,70,84,70,65,70,51,45,2,0
Tyranitar,600,100,134,110,95,100,61,45,2,0
Lugia,680,106,90,130,90,154,110,3,2,1
Ho-Oh,680,106,130,90,110,154,90,3,2,1
Celebi,600,100,100,100,100,100,100,45,2,0
Treecko,310,40,45,35,65,55,70,45,3,0
Grovyle,405,50,65,45,85,65,95,45,3,0
Sceptile,530,70,85,65,105,85,120,45,3,0
Torchic,310,45,60,40,70,50,45,45,3,0
Combusken,405,60,85,60,85,60,55,45,3,0
Blaziken,530,80,120,70,110,70,80,45,3,0
Mudkip,310,50,70,50,50,50,40,45,3,0
Marshtomp,405,70,85,70,60,70,50,45,3,0
Swampert,535,100,110,90,85,90,60,45,3,0
Poochyena,220,35,55,35,30,30,35,255,3,0
Mightyena,420,70,90,70,60,60,70,127,3,0
Zigzagoon,240,38,30,41,30,41,60,255,3,0
Linoone,420,78,70,61,50,61,100,90,3,0
Wurmple,195,45,45,35,20,30,20,255,3,0
Silcoon,205,50,35,55,25,25,15,120,3,0
Beautifly,395,60,70,50,100,50,65,45,3,0
Cascoon,205,50,35,55,25,25,15,120,3,0
Dustox,385,60,50,70,50,90,65,45,3,0
Lotad,220,40,30,30,40,50,30,255,3,0
Lombre,340,60,50,50,60,70,50,120,3,0
Ludicolo,480,80,70,70,90,100,70,45,3,0
Seedot,220,40,40,50,30,30,30,255,3,0
Nuzleaf,340,70,70,40,60,40,60,120,3,0
Shiftry,480,90,100,60,90,60,80,45,3,0
Taillow,270,40,55,30,30,30,85,200,3,0
Swellow,430,60,85,60,50,50,125,45,3,0
Wingull,270,40,30,30,55,30,85,190,3,0
Pelipper,430,60,50,100,85,70,65,45,3,0
Ralts,198,28,25,25,45,35,40,235,3,0
Kirlia,278,38,35,35,65,55,50,120,3,0
Gardevoir,518,68,65,65,125,115,80,45,3,0
Surskit,269,40,30,32,50,52,65,200,3,0
Masquerain,414,70,60,62,80,82,60,75,3,0
Shroomish,295,60,40,60,40,60,35,255,3,0
Breloom,460,60,130,80,60,60,70,90,3,0
Slakoth,280,60,60,60,35,35,30,255,3,0
Vigoroth,440,80,80,80,55,55,90,120,3,0
Slaking,670,150,160,100,95,65,100,45,3,0
Nincada,266,31,45,90,30,30,40,255,3,0
Ninjask,456,61,90,45,50,50,160,120,3,0
Shedinja,236,1,90,45,30,30,40,45,3,0
Whismur,240,64,51,23,51,23,28,190,3,0
Loudred,360,84,71,43,71,43,48,120,3,0
Exploud,490,104,91,63,91,73,68,45,3,0
Makuhita,237,72,60,30,20,30,25,180,3,0
Hariyama,474,144,120,60,40,60,50,200,3,0
Azurill,190,50,20,40,20,40,20,150,3,0
Nosepass,375,30,45,135,45,90,30,255,3,0
Skitty,260,50,45,45,35,35,50,255,3,0
Delcatty,380,70,65,65,55,55,70,60,3,0
Sableye,380,50,75,75,65,65,50,45,3,0
Mawile,380,50,85,85,55,55,50,45,3,0
Aron,330,50,70,100,40,40,30,180,3,0
Lairon,430,60,90,140,50,50,40,90,3,0
Aggron,530,70,110,180,60,60,50,45,3,0
Meditite,280,30,40,55,40,55,60,180,3,0
Medicham,410,60,60,75,60,75,80,90,3,0
Electrike,295,40,45,40,65,40,65,120,3,0
Manectric,475,70,75,60,105,60,105,45,3,0
Plusle,405,60,50,40,85,75,95,200,3,0
Minun,405,60,40,50,75,85,95,200,3,0
Volbeat,400,65,73,55,47,75,85,150,3,0
Illumise,400,65,47,55,73,75,85,150,3,0
Roselia,400,50,60,45,100,80,65,150,3,0
Gulpin,302,70,43,53,43,53,40,225,3,0
Swalot,467,100,73,83,73,83,55,75,3,0
Carvanha,305,45,90,20,65,20,65,225,3,0
Sharpedo,460,70,120,40,95,40,95,60,3,0
Wailmer,400,130,70,35,70,35,60,125,3,0
Wailord,500,170,90,45,90,45,60,60,3,0
Numel,305,60,60,40,65,45,35,255,3,0
Camerupt,460,70,100,70,105,75,40,150,3,0
Torkoal,470,70,85,140,85,70,20,90,3,0
Spoink,330,60,25,35,70,80,60,255,3,0
Grumpig,470,80,45,65,90,110,80,60,3,0
Spinda,360,60,60,60,60,60,60,255,3,0
Trapinch,290,45,100,45,45,45,10,255,3,0
Vibrava,340,50,70,50,50,50,70,120,3,0
Flygon,520,80,100,80,80,80,100,45,3,0
Cacnea,335,50,85,40,85,40,35,190,3,0
Cacturne,475,70,115,60,115,60,55,60,3,0
Swablu,310,45,40,60,40,75,50,255,3,0
Altaria,490,75,70,90,70,105,80,45,3,0
Zangoose,458,73,115,60,60,60,90,90,3,0
Seviper,458,73,100,60,100,60,65,90,3,0
Lunatone,440,70,55,65,95,85,70,45,3,0
Solrock,440,70,95,85,55,65,70,45,3,0
Barboach,288,50,48,43,46,41,60,190,3,0
Whiscash,468,110,78,73,76,71,60,75,3,0
Corphish,308,43,80,65,50,35,35,205,3,0
Crawdaunt,468,63,120,85,90,55,55,155,3,0
Baltoy,300,40,40,55,40,70,55,255,3,0
Claydol,500,60,70,105,70,120,75,90,3,0
Lileep,355,66,41,77,61,87,23,45,3,0
Cradily,495,86,81,97,81,107,43,45,3,0
Anorith,355,45,95,50,40,50,75,45,3,0
Armaldo,495,75,125,100,70,80,45,45,3,0
Feebas,200,20,15,20,10,55,80,255,3,0
Milotic,540,95,60,79,100,125,81,60,3,0
Castform,420,70,70,70,70,70,70,45,3,0
Kecleon,440,60,90,70,60,120,40,200,3,0
Shuppet,295,44,75,35,63,33,45,225,3,0
Banette,455,64,115,65,83,63,65,45,3,0
Duskull,295,20,40,90,30,90,25,190,3,0
Dusclops,455,40,70,130,60,130,25,90,3,0
Tropius,460,99,68,83,72,87,51,200,3,0
Chimecho,425,65,50,70,95,80,65,45,3,0
Absol,465,65,130,60,75,60,75,30,3,0
Wynaut,260,95,23,48,23,48,23,125,3,0
Snorunt,300,50,50,50,50,50,50,190,3,0
Glalie,480,80,80,80,80,80,80,75,3,0
Spheal,290,70,40,50,55,50,25,255,3,0
Sealeo,410,90,60,70,75,70,45,120,3,0
Walrein,530,110,80,90,95,90,65,45,3,0
Clamperl,345,35,64,85,74,55,32,255,3,0
Huntail,485,55,104,105,94,75,52,60,3,0
Gorebyss,485,55,84,105,114,75,52,60,3,0
Relicanth,485,100,90,130,45,65,55,25,3,0
Luvdisc,330,43,30,55,40,65,97,225,3,0
Bagon,300,45,75,60,40,30,50,45,3,0
Shelgon,420,65,95,100,60,50,50,45,3,0
Salamence,600,95,135,80,110,80,100,45,3,0
Beldum,300,40,55,80,35,60,30,3,3,0
Metang,420,60,75,100,55,80,50,3,3,0
Metagross,600,80,135,130,95,90,70,3,3,0
Regirock,580,80,100,200,50,100,50,3,3,1
Regice,580,80,50,100,100,200,50,3,3,1
Registeel,580,80,75,150,75,150,50,3,3,1
Latias,600,80,80,90,110,130,110,3,3,1
Latios,600,80,90,80,130,110,110,3,3,1
Kyogre,670,100,100,90,150,140,90,3,3,1
Groudon,670,100,150,140,100,90,90,3,3,1
Rayquaza,680,105,150,90,150,90,95,45,3,1
Jirachi,600,100,100,100,100,100,100,3,3,1
Deoxys,600,50,150,50,150,50,150,3,3,1
Turtwig,318,55,68,64,45,55,31,45,4,0
Grotle,405,75,89,85,55,65,36,45,4,0
Torterra,525,95,109,105,75,85,56,45,4,0
Chimchar,309,44,58,44,58,44,61,45,4,0
Monferno,405,64,78,52,78,52,81,45,4,0
Infernape,534,76,104,71,104,71,108,45,4,0
Piplup,314,53,51,53,61,56,40,45,4,0
Prinplup,405,64,66,68,81,76,50,45,4,0
Empoleon,530,84,86,88,111,101,60,45,4,0
Starly,245,40,55,30,30,30,60,255,4,0
Staravia,340,55,75,50,40,40,80,120,4,0
Staraptor,485,85,120,70,50,60,100,45,4,0
Bidoof,250,59,45,40,35,40,31,255,4,0
Bibarel,410,79,85,60,55,60,71,127,4,0
Kricketot,194,37,25,41,25,41,25,255,4,0
Kricketune,384,77,85,51,55,51,65,45,4,0
Shinx,263,45,65,34,40,34,45,235,4,0
Luxio,363,60,85,49,60,49,60,120,4,0
Luxray,523,80,120,79,95,79,70,45,4,0
Budew,280,40,30,35,50,70,55,255,4,0
Roserade,515,60,70,65,125,105,90,75,4,0
Cranidos,350,67,125,40,30,30,58,45,4,0
Rampardos,495,97,165,60,65,50,58,45,4,0
Shieldon,350,30,42,118,42,88,30,45,4,0
Bastiodon,495,60,52,168,47,138,30,45,4,0
Burmy,224,40,29,45,29,45,36,120,4,0
Wormadam,424,60,59,85,79,105,36,45,4,0
Mothim,424,70,94,50,94,50,66,45,4,0
Combee,244,30,30,42,30,42,70,120,4,0
Vespiquen,474,70,80,102,80,102,40,45,4,0
Pachirisu,405,60,45,70,45,90,95,200,4,0
Buizel,330,55,65,35,60,30,85,190,4,0
Floatzel,495,85,105,55,85,50,115,75,4,0
Cherubi,275,45,35,45,62,53,35,190,4,0
Cherrim,450,70,60,70,87,78,85,75,4,0
Shellos,325,76,48,48,57,62,34,190,4,0
Gastrodon,475,111,83,68,92,82,39,75,4,0
Ambipom,482,75,100,66,60,66,115,45,4,0
Drifloon,348,90,50,34,60,44,70,125,4,0
Drifblim,498,150,80,44,90,54,80,60,4,0
Buneary,350,55,66,44,44,56,85,190,4,0
Lopunny,480,65,76,84,54,96,105,60,4,0
Mismagius,495,60,60,60,105,105,105,45,4,0
Honchkrow,505,100,125,52,105,52,71,30,4,0
Glameow,310,49,55,42,42,37,85,190,4,0
Purugly,452,71,82,64,64,59,112,75,4,0
Chingling,285,45,30,50,65,50,45,120,4,0
Stunky,329,63,63,47,41,41,74,225,4,0
Skuntank,479,103,93,67,71,61,84,60,4,0
Bronzor,300,57,24,86,24,86,23,255,4,0
Bronzong,500,67,89,116,79,116,33,90,4,0
Bonsly,290,50,80,95,10,45,10,255,4,0
Mime_Jr.,310,20,25,45,70,90,60,145,4,0
Happiny,220,100,5,5,15,65,30,130,4,0
Chatot,411,76,65,45,92,42,91,30,4,0
Spiritomb,485,50,92,108,92,108,35,100,4,0
Gible,300,58,70,45,40,45,42,45,4,0
Gabite,410,68,90,65,50,55,82,45,4,0
Garchomp,600,108,130,95,80,85,102,45,4,0
Munchlax,390,135,85,40,40,85,5,50,4,0
Riolu,285,40,70,40,35,40,60,75,4,0
Lucario,525,70,110,70,115,70,90,45,4,0
Hippopotas,330,68,72,78,38,42,32,140,4,0
Hippowdon,525,108,112,118,68,72,47,60,4,0
Skorupi,330,40,50,90,30,55,65,120,4,0
Drapion,500,70,90,110,60,75,95,45,4,0
Croagunk,300,48,61,40,61,40,50,140,4,0
Toxicroak,490,83,106,65,86,65,85,75,4,0
Carnivine,454,74,100,72,90,72,46,200,4,0
Finneon,330,49,49,56,49,61,66,190,4,0
Lumineon,460,69,69,76,69,86,91,75,4,0
Mantyke,345,45,20,50,60,120,50,25,4,0
Snover,334,60,62,50,62,60,40,120,4,0
Abomasnow,494,90,92,75,92,85,60,60,4,0
Weavile,510,70,120,65,45,85,125,45,4,0
Magnezone,535,70,70,115,130,90,60,30,4,0
Lickilicky,515,110,85,95,80,95,50,30,4,0
Rhyperior,535,115,140,130,55,55,40,30,4,0
Tangrowth,535,100,100,125,110,50,50,30,4,0
Electivire,540,75,123,67,95,85,95,30,4,0
Magmortar,540,75,95,67,125,95,83,30,4,0
Togekiss,545,85,50,95,120,115,80,30,4,0
Yanmega,515,86,76,86,116,56,95,30,4,0
Leafeon,525,65,110,130,60,65,95,45,4,0
Glaceon,525,65,60,110,130,95,65,45,4,0
Gliscor,510,75,95,125,45,75,95,30,4,0
Mamoswine,530,110,130,80,70,60,80,50,4,0
Porygon-Z,535,85,80,70,135,75,90,30,4,0
Gallade,518,68,125,65,65,115,80,45,4,0
Probopass,525,60,55,145,75,150,40,60,4,0
Dusknoir,525,45,100,135,65,135,45,45,4,0
Froslass,480,70,80,70,80,70,110,75,4,0
Rotom,440,50,50,77,95,77,91,45,4,0
Uxie,580,75,75,130,75,130,95,3,4,1
Mesprit,580,80,105,105,105,105,80,3,4,1
Azelf,580,75,125,70,125,70,115,3,4,1
Dialga,680,100,120,120,150,100,90,3,4,1
Palkia,680,90,120,100,150,120,100,3,4,1
Heatran,600,91,90,106,130,106,77,3,4,1
Regigigas,670,110,160,110,80,110,100,3,4,1
Giratina,680,150,120,100,120,100,90,3,4,1
Cresselia,600,120,70,120,75,130,85,3,4,0
Phione,480,80,80,80,80,80,80,30,4,0
Manaphy,600,100,100,100,100,100,100,3,4,0
Darkrai,600,70,90,90,135,90,125,3,4,1
Shaymin,600,100,100,100,100,100,100,45,4,1
Arceus,720,120,120,120,120,120,120,3,4,1
Victini,600,100,100,100,100,100,100,3,5,1
Snivy,308,45,45,55,45,55,63,45,5,0
Servine,413,60,60,75,60,75,83,45,5,0
Serperior,528,75,75,95,75,95,113,45,5,0
Tepig,308,65,63,45,45,45,45,45,5,0
Pignite,418,90,93,55,70,55,55,45,5,0
Emboar,528,110,123,65,100,65,65,45,5,0
Oshawott,308,55,55,45,63,45,45,45,5,0
Dewott,413,75,75,60,83,60,60,45,5,0
Samurott,528,95,100,85,108,70,70,45,5,0
Patrat,255,45,55,39,35,39,42,255,5,0
Watchog,420,60,85,69,60,69,77,255,5,0
Lillipup,275,45,60,45,25,45,55,255,5,0
Herdier,370,65,80,65,35,65,60,120,5,0
Stoutland,500,85,110,90,45,90,80,45,5,0
Purrloin,281,41,50,37,50,37,66,255,5,0
Liepard,446,64,88,50,88,50,106,90,5,0
Pansage,316,50,53,48,53,48,64,190,5,0
Simisage,498,75,98,63,98,63,101,75,5,0
Pansear,316,50,53,48,53,48,64,190,5,0
Simisear,498,75,98,63,98,63,101,75,5,0
Panpour,316,50,53,48,53,48,64,190,5,0
Simipour,498,75,98,63,98,63,101,75,5,0
Munna,292,76,25,45,67,55,24,190,5,0
Musharna,487,116,55,85,107,95,29,75,5,0
Pidove,264,50,55,50,36,30,43,255,5,0
Tranquill,358,62,77,62,50,42,65,120,5,0
Unfezant,488,80,115,80,65,55,93,45,5,0
Blitzle,295,45,60,32,50,32,76,190,5,0
Zebstrika,497,75,100,63,80,63,116,75,5,0
Roggenrola,280,55,75,85,25,25,15,255,5,0
Boldore,390,70,105,105,50,40,20,120,5,0
Gigalith,515,85,135,130,60,80,25,45,5,0
Woobat,313,55,45,43,55,43,72,190,5,0
Swoobat,425,67,57,55,77,55,114,45,5,0
Drilbur,328,60,85,40,30,45,68,120,5,0
Excadrill,508,110,135,60,50,65,88,60,5,0
Audino,445,103,60,86,60,86,50,255,5,0
Timburr,305,75,80,55,25,35,35,180,5,0
Gurdurr,405,85,105,85,40,50,40,90,5,0
Conkeldurr,505,105,140,95,55,65,45,45,5,0
Tympole,294,50,50,40,50,40,64,255,5,0
Palpitoad,384,75,65,55,65,55,69,120,5,0
Seismitoad,509,105,95,75,85,75,74,45,5,0
Throh,465,120,100,85,30,85,45,45,5,0
Sawk,465,75,125,75,30,75,85,45,5,0
Sewaddle,310,45,53,70,40,60,42,255,5,0
Swadloon,380,55,63,90,50,80,42,120,5,0
Leavanny,500,75,103,80,70,80,92,45,5,0
Venipede,260,30,45,59,30,39,57,255,5,0
Whirlipede,360,40,55,99,40,79,47,120,5,0
Scolipede,485,60,100,89,55,69,112,45,5,0
Cottonee,280,40,27,60,37,50,66,190,5,0
Whimsicott,480,60,67,85,77,75,116,75,5,0
Petilil,280,45,35,50,70,50,30,190,5,0
Lilligant,480,70,60,75,110,75,90,75,5,0
Basculin,460,70,92,65,80,55,98,25,5,0
Sandile,292,50,72,35,35,35,65,180,5,0
Krokorok,351,60,82,45,45,45,74,90,5,0
Krookodile,519,95,117,80,65,70,92,45,5,0
Darumaka,315,70,90,45,15,45,50,120,5,0
Darmanitan,480,105,140,55,30,55,95,60,5,0
Maractus,461,75,86,67,106,67,60,255,5,0
Dwebble,325,50,65,85,35,35,55,190,5,0
Crustle,475,70,95,125,65,75,45,75,5,0
Scraggy,348,50,75,70,35,70,48,180,5,0
Scrafty,488,65,90,115,45,115,58,90,5,0
Sigilyph,490,72,58,80,103,80,97,45,5,0
Yamask,303,38,30,85,55,65,30,190,5,0
Cofagrigus,483,58,50,145,95,105,30,90,5,0
Tirtouga,355,54,78,103,53,45,22,45,5,0
Carracosta,495,74,108,133,83,65,32,45,5,0
Archen,401,55,112,45,74,45,70,45,5,0
Archeops,567,75,140,65,112,65,110,45,5,0
Trubbish,329,50,50,62,40,62,65,190,5,0
Garbodor,474,80,95,82,60,82,75,60,5,0
Zorua,330,40,65,40,80,40,65,75,5,0
Zoroark,510,60,105,60,120,60,105,45,5,0
Minccino,300,55,50,40,40,40,75,255,5,0
Cinccino,470,75,95,60,65,60,115,60,5,0
Gothita,290,45,30,50,55,65,45,200,5,0
Gothorita,390,60,45,70,75,85,55,100,5,0
Gothitelle,490,70,55,95,95,110,65,50,5,0
Solosis,290,45,30,40,105,50,20,200,5,0
Duosion,370,65,40,50,125,60,30,100,5,0
Reuniclus,490,110,65,75,125,85,30,50,5,0
Ducklett,305,62,44,50,44,50,55,190,5,0
Swanna,473,75,87,63,87,63,98,45,5,0
Vanillite,305,36,50,50,65,60,44,255,5,0
Vanillish,395,51,65,65,80,75,59,120,5,0
Vanilluxe,535,71,95,85,110,95,79,45,5,0
Deerling,335,60,60,50,40,50,75,190,5,0
Sawsbuck,475,80,100,70,60,70,95,75,5,0
Emolga,428,55,75,60,75,60,103,200,5,0
Karrablast,315,50,75,45,40,45,60,200,5,0
Escavalier,495,70,135,105,60,105,20,75,5,0
Foongus,294,69,55,45,55,55,15,190,5,0
Amoonguss,464,114,85,70,85,80,30,75,5,0
Frillish,335,55,40,50,65,85,40,190,5,0
Jellicent,480,100,60,70,85,105,60,60,5,0
Alomomola,470,165,75,80,40,45,65,75,5,0
Joltik,319,50,47,50,57,50,65,190,5,0
Galvantula,472,70,77,60,97,60,108,75,5,0
Ferroseed,305,44,50,91,24,86,10,255,5,0
Ferrothorn,489,74,94,131,54,116,20,90,5,0
Klink,300,40,55,70,45,60,30,130,5,0
Klang,440,60,80,95,70,85,50,60,5,0
Klinklang,520,60,100,115,70,85,90,30,5,0
Tynamo,275,35,55,40,45,40,60,190,5,0
Eelektrik,405,65,85,70,75,70,40,60,5,0
Eelektross,515,85,115,80,105,80,50,30,5,0
Elgyem,335,55,55,55,85,55,30,255,5,0
Beheeyem,485,75,75,75,125,95,40,90,5,0
Litwick,275,50,30,55,65,55,20,190,5,0
Lampent,370,60,40,60,95,60,55,90,5,0
Chandelure,520,60,55,90,145,90,80,45,5,0
Axew,320,46,87,60,30,40,57,75,5,0
Fraxure,410,66,117,70,40,50,67,60,5,0
Haxorus,540,76,147,90,60,70,97,45,5,0
Cubchoo,305,55,70,40,60,40,40,120,5,0
Beartic,485,95,110,80,70,80,50,60,5,0
Cryogonal,485,70,50,30,95,135,105,25,5,0
Shelmet,305,50,40,85,40,65,25,200,5,0
Accelgor,495,80,70,40,100,60,145,75,5,0
Stunfisk,471,109,66,84,81,99,32,75,5,0
Mienfoo,350,45,85,50,55,50,65,180,5,0
Mienshao,510,65,125,60,95,60,105,45,5,0
Druddigon,485,77,120,90,60,90,48,45,5,0
Golett,303,59,74,50,35,50,35,190,5,0
Golurk,483,89,124,80,55,80,55,90,5,0
Pawniard,340,45,85,70,40,40,60,120,5,0
Bisharp,490,65,125,100,60,70,70,45,5,0
Bouffalant,490,95,110,95,40,95,55,45,5,0
Rufflet,350,70,83,50,37,50,60,190,5,0
Braviary,510,100,123,75,57,75,80,60,5,0
Vullaby,370,70,55,75,45,65,60,190,5,0
Mandibuzz,510,110,65,105,55,95,80,60,5,0
Heatmor,484,85,97,66,105,66,65,90,5,0
Durant,484,58,109,112,48,48,109,90,5,0
Deino,300,52,65,50,45,50,38,45,5,0
Zweilous,420,72,85,70,65,70,58,45,5,0
Hydreigon,600,92,105,90,125,90,98,45,5,0
Larvesta,360,55,85,55,50,55,60,45,5,0
Volcarona,550,85,60,65,135,105,100,15,5,0
Cobalion,580,91,90,129,90,72,108,3,5,1
Terrakion,580,91,129,90,72,90,108,3,5,1
Virizion,580,91,90,72,90,129,108,3,5,1
Tornadus,580,79,115,70,125,80,111,3,5,1
Thundurus,580,79,115,70,125,80,111,3,5,1
Reshiram,680,100,120,100,150,120,90,3,5,1
Zekrom,680,100,150,120,120,100,90,3,5,1
Landorus,600,89,125,90,115,80,101,3,5,1
Kyurem,660,125,130,90,130,90,95,3,5,1
Keldeo,580,91,72,90,129,90,108,3,5,0
Meloetta,600,100,77,77,128,128,90,3,5,0
Genesect,600,71,120,95,120,95,99,3,5,0
Chespin,313,56,61,65,48,45,38,45,6,0
Quilladin,405,61,78,95,56,58,57,45,6,0
Chesnaught,530,88,107,122,74,75,64,45,6,0
Fennekin,307,40,45,40,62,60,60,45,6,0
Braixen,409,59,59,58,90,70,73,45,6,0
Delphox,534,75,69,72,114,100,104,45,6,0
Froakie,314,41,56,40,62,44,71,45,6,0
Frogadier,405,54,63,52,83,56,97,45,6,0
Greninja,530,72,95,67,103,71,122,45,6,0
Bunnelby,237,38,36,38,32,36,57,255,6,0
Diggersby,423,85,56,77,50,77,78,127,6,0
Fletchling,278,45,50,43,40,38,62,255,6,0
Fletchinder,382,62,73,55,56,52,84,120,6,0
Talonflame,499,78,81,71,74,69,126,45,6,0
Scatterbug,200,38,35,40,27,25,35,255,6,0
Spewpa,213,45,22,60,27,30,29,120,6,0
Vivillon,411,80,52,50,90,50,89,45,6,0
Litleo,369,62,50,58,73,54,72,220,6,0
Pyroar,507,86,68,72,109,66,106,65,6,0
Flabébé,303,44,38,39,61,79,42,225,6,0
Floette,371,54,45,47,75,98,52,120,6,0
Florges,552,78,65,68,112,154,75,45,6,0
Skiddo,350,66,65,48,62,57,52,200,6,0
Gogoat,531,123,100,62,97,81,68,45,6,0
Pancham,348,67,82,62,46,48,43,220,6,0
Pangoro,495,95,124,78,69,71,58,65,6,0
Furfrou,472,75,80,60,65,90,102,160,6,0
Espurr,355,62,48,54,63,60,68,190,6,0
Meowstic,466,74,48,76,83,81,104,75,6,0
Honedge,325,45,80,100,35,37,28,180,6,0
Doublade,448,59,110,150,45,49,35,90,6,0
Aegislash,520,60,50,150,50,150,60,45,6,0
Spritzee,341,78,52,60,63,65,23,200,6,0
Aromatisse,462,101,72,72,99,89,29,140,6,0
Swirlix,341,62,48,66,59,57,49,200,6,0
Slurpuff,480,82,80,86,85,75,72,140,6,0
Inkay,288,53,54,53,37,46,45,190,6,0
Malamar,482,86,92,88,68,75,73,80,6,0
Binacle,306,42,52,67,39,56,50,120,6,0
Barbaracle,500,72,105,115,54,86,68,45,6,0
Skrelp,320,50,60,60,60,60,30,225,6,0
Dragalge,494,65,75,90,97,123,44,55,6,0
Clauncher,330,50,53,62,58,63,44,225,6,0
Clawitzer,500,71,73,88,120,89,59,55,6,0
Helioptile,289,44,38,33,61,43,70,190,6,0
Heliolisk,481,62,55,52,109,94,109,75,6,0
Tyrunt,362,58,89,77,45,45,48,45,6,0
Tyrantrum,521,82,121,119,69,59,71,45,6,0
Amaura,362,77,59,50,67,63,46,45,6,0
Aurorus,521,123,77,72,99,92,58,45,6,0
Sylveon,525,95,65,65,110,130,60,45,6,0
Hawlucha,500,78,92,75,74,63,118,100,6,0
Dedenne,431,67,58,57,81,67,101,180,6,0
Carbink,500,50,50,150,50,150,50,60,6,0
Goomy,300,45,50,35,55,75,40,45,6,0
Sliggoo,452,68,75,53,83,113,60,45,6,0
Goodra,600,90,100,70,110,150,80,45,6,0
Klefki,470,57,80,91,80,87,75,75,6,0
Phantump,309,43,70,48,50,60,38,120,6,0
Trevenant,474,85,110,76,65,82,56,60,6,0
Pumpkaboo,335,49,66,70,44,55,51,120,6,0
Gourgeist,494,65,90,122,58,75,84,60,6,0
Bergmite,304,55,69,85,32,35,28,190,6,0
Avalugg,514,95,117,184,44,46,28,55,6,0
Noibat,245,40,30,35,45,40,55,190,6,0
Noivern,535,85,70,80,97,80,123,45,6,0
Xerneas,680,126,131,95,131,98,99,45,6,1
Yveltal,680,126,131,95,131,98,99,45,6,1
Zygarde,600,108,100,121,81,95,95,3,6,1
Diancie,600,50,100,150,100,150,50,3,6,1
Hoopa,600,80,110,60,150,130,70,3,6,1
Volcanion,600,80,110,120,130,90,70,3,6,1
